use polishPeople

INSERT INTO Osoba VALUES
('00222169816','Leon','Adamczak','2000-02-21','mezczyzna',7340,NULL),
('99082427709','Natalia','Badura','1999-08-24','kobieta',6060,NULL),
('05230441706','Ala','Leœniak','2005-03-04','kobieta',7620,NULL),
('57091939989','Karolina','Ciastoñ','1957-09-19','kobieta',5800,'51042359552'),
('96053156492','Ignacy','Gajek','1996-05-31','mezczyzna',6210,NULL),
('95091136626','Karolina','Podolski','1995-09-11','kobieta',7590,NULL),
('50111552679','Robert','Badura','1950-11-15','mezczyzna',6200,'51083021823'),
('94061064964','Anna','Nogalski','1994-06-10','kobieta',7530,'97112795878'),
('60030725166','Agnieszka','Nadolna','1960-03-07','kobieta',5460,'59031067413'),
('90071156045','Monika','Marchewka','1990-07-11','kobieta',5300,NULL),
('99082034015','Piotr','Nogalski','1999-08-20','mezczyzna',7650,NULL),
('89082172990','Przemys³aw','Górny','1989-08-21','mezczyzna',7140,NULL),
('00321942367','Nina','Fuks','2000-12-19','kobieta',5650,NULL),
('87051993924','Edyta','Marchewka','1987-05-19','kobieta',7180,NULL),
('77080958082','Paulina','Nogalska','1977-08-09','kobieta',6900,NULL),
('85072886875','B³a¿ej','Nadolna','1985-07-28','mezczyzna',6970,NULL),
('04290939683','Aleksandra','Leœniak','2004-09-09','kobieta',4920,NULL),
('84032053282','Agata','Œlusarz','1984-03-20','kobieta',7810,'86041995432'),
('84122350170','Janusz','Leœniak','1984-12-23','mezczyzna',6640,'86100295126'),
('82010929964','Judyta','Fuks','1982-01-09','kobieta',4400,NULL),
('81102467509','Agnieszka','Fuks','1981-10-24','kobieta',4740,'73081068032'),
('81010374150','Adam','Adamczak','1981-01-03','mezczyzna',6900,'80051187247'),
('80051187247','Magdalena','Adamczak','1980-05-11','kobieta',6930,'81010374150'),
('79052540500','Klaudia','Sztorc','1979-05-25','kobieta',4640,'71123166974'),
('79061459859','Jakub','Podolski','1979-06-14','mezczyzna',5240,'83093057649'),
('78070370796','Jan','Badura','1978-07-03','mezczyzna',7550,NULL),
('88050267927','Joanna','Ciastoñ','1988-05-02','kobieta',4060,'86013184233'),
('86041995432','Albert','Œlusarz','1986-04-19','mezczyzna',6820,'84032053282'),
('76011063783','Klaudia','Kuchta','1976-01-10','kobieta',4340,'68050781470'),
('75081520950','Filip','Nogalski','1975-08-15','mezczyzna',5430,'77080958082'),
('73081068032','Aleksander','Fuks','1973-08-10','mezczyzna',6180,'81102467509'),
('71123166974','Mariusz','Sztorc','1971-12-31','mezczyzna',4340,'79052540500'),
('00322140341','Nina','Abramczyk','2000-12-21','kobieta',7880,NULL),
('70071096947','Monika','Gajek','1970-07-10','kobieta',7840,'61060860830'),
('83093057649','Agata','Podolski','1983-09-30','kobieta',4810,'79061459859'),
('68050781470','Stanis³aw','Kuchta','1968-05-07','mezczyzna',7980,'76011063783'),
('68032286870','Jaros³aw','Abramczyk','1968-03-22','mezczyzna',6750,'69031836524'),
('86100295126','Marcelina','Leœniak','1986-10-02','kobieta',7500,'84122350170'),
('86013184233','Miko³aj','Ciastoñ','1986-01-31','mezczyzna',6640,'88050267927'),
('66121685143','Aleksandra','Œlusarz','1966-12-16','kobieta',4940,'58092474579'),
('66101233742','Joanna','Marchewka','1966-10-12','kobieta',6280,'64101976756'),
('66041769337','Norbert','Górny','1966-04-17','mezczyzna',5350,'72051494060'),
('81121167921','Anna','Boruta','1981-12-11','kobieta',7750,'79012122897'),
('79012122897','B³a¿ej','Boruta','1979-01-21','mezczyzna',5050,'81121167921'),
('64101976756','Piotr','Marchewka','1964-10-19','mezczyzna',6730,'66101233742'),
('72051494060','Agata','Górny','1972-05-14','kobieta',6590,'66041769337'),
('60070749007','Agata','Leœniak','1960-07-07','kobieta',5630,'59011875271'),
('61060860830','Kamil','Gajek','1961-06-08','mezczyzna',6910,'70071096947'),
('45072538366','Anna','Górny','1945-07-25','kobieta',5050,NULL),
('60121936686','Adrianna','Boruta','1960-12-19','kobieta',6480,'54022858274'),
('59031067413','Adam','Nadolna','1959-03-10','mezczyzna',7020,'60030725166'),
('59011875271','Kacper','Leœniak','1959-01-18','mezczyzna',7480,'60070749007'),
('69031836524','Aleksandra','Abramczyk','1969-03-18','kobieta',4450,'68032286870'),
('58092474579','Igor','Œlusarz','1958-09-24','mezczyzna',4250,'66121685143'),
('57092093102','Joanna','Sztorc','1957-09-20','kobieta',6260,NULL),
('57112524274','Marek','Leœniak','1957-11-25','mezczyzna',4400,'57061971262'),
('57061971262','Magdalena','Leœniak','1957-06-19','kobieta',4610,'57112524274'),
('97112795878','Beniamin','Nogalski','1997-11-27','mezczyzna',4100,'94061064964'),
('54012297911','Beniamin','Fuks','1954-01-22','mezczyzna',4940,'54052296709'),
('54052296709','Ilona','Fuks','1954-05-22','kobieta',5870,'54012297911'),
('54022858274','Olaf','Boruta','1954-02-28','mezczyzna',5060,'60121936686'),
('53123097845','Magdalena','Abramczyk','1953-12-30','kobieta',4120,NULL),
('51042359552','Jakub','Ciastoñ','1951-04-23','mezczyzna',6410,'57091939989'),
('51083021823','Ma³gorzata','Badura','1951-08-30','kobieta',6180,'50111552679'),
('40052121003','Barbara','Leœniak','1940-05-21','kobieta',6000,'40031553531'),
('40031553531','Adrian','Leœniak','1940-03-15','mezczyzna',5800,'40052121003')

INSERT INTO Rodzic VALUES
('00222169816','80051187247'),
('00222169816','81010374150'),
('00321942367','73081068032'),
('00321942367','81102467509'),
('00322140341','68032286870'),
('00322140341','69031836524'),
('04290939683','84122350170'),
('04290939683','86100295126'),
('05230441706','84122350170'),
('05230441706','86100295126'),
('57092093102','71123166974'),
('57092093102','79052540500'),
('57112524274','40031553531'),
('57112524274','40052121003'),
('59011875271','40031553531'),
('59011875271','40052121003'),
('66041769337','45072538366'),
('66101233742','40031553531'),
('66101233742','40052121003'),
('68032286870','53123097845'),
('69031836524','50111552679'),
('69031836524','51083021823'),
('72051494060','54012297911'),
('72051494060','54052296709'),
('73081068032','54012297911'),
('73081068032','54052296709'),
('76011063783','40031553531'),
('76011063783','40052121003'),
('77080958082','45072538366'),
('78070370796','50111552679'),
('78070370796','51083021823'),
('79012122897','54022858274'),
('79012122897','60121936686'),
('79052540500','51042359552'),
('79052540500','57091939989'),
('80051187247','54022858274'),
('80051187247','60121936686'),
('81102467509','58092474579'),
('81102467509','66121685143'),
('81121167921','54022858274'),
('81121167921','60121936686'),
('82010929964','73081068032'),
('82010929964','81102467509'),
('83093057649','59011875271'),
('83093057649','60070749007'),
('84032053282','59011875271'),
('84032053282','60070749007'),
('84122350170','57061971262'),
('84122350170','57112524274'),
('85072886875','59031067413'),
('85072886875','60030725166'),
('86013184233','51042359552'),
('86013184233','57091939989'),
('86041995432','58092474579'),
('86041995432','66121685143'),
('86100295126','54022858274'),
('86100295126','60121936686'),
('87051993924','64101976756'),
('87051993924','66101233742'),
('88050267927','57061971262'),
('88050267927','57112524274'),
('89082172990','66041769337'),
('89082172990','72051494060'),
('90071156045','64101976756'),
('90071156045','66101233742'),
('94061064964','68050781470'),
('94061064964','76011063783'),
('95091136626','79061459859'),
('95091136626','83093057649'),
('96053156492','61060860830'),
('96053156492','70071096947'),
('97112795878','75081520950'),
('97112795878','77080958082'),
('99082034015','75081520950'),
('99082034015','77080958082'),
('99082427709','50111552679'),
('99082427709','51083021823')

INSERT INTO Przedsiebiorstwo VALUES
('IT Command','77080958082'),
('Agency Nation','57061971262'),
('Marketing Destructor','72051494060'),
('Fruit Palace','86041995432'),
('Net Pixel','66121685143'),
('Matrix Activator','60121936686')

INSERT INTO Pracownik VALUES
('68032286870','Agency Nation','o prace'),
('00222169816','Net Pixel','zlecenie'),
('81010374150','IT Command','zlecenie'),
('53123097845','Matrix Activator','o prace'),
('69031836524','Agency Nation','o prace'),
('78070370796','Marketing Destructor','zlecenie'),
('80051187247','Marketing Destructor','zlecenie'),
('54022858274','Matrix Activator','o prace'),
('51083021823','IT Command','zlecenie'),
('50111552679','Matrix Activator','zlecenie'),
('99082427709','IT Command','zlecenie'),
('79012122897','Fruit Palace','o prace'),
('57091939989','Agency Nation','zlecenie'),
('81121167921','Fruit Palace','o prace'),
('73081068032','Agency Nation','o prace'),
('88050267927','Matrix Activator','o prace'),
('86013184233','Agency Nation','o prace'),
('51042359552','Fruit Palace','zlecenie'),
('82010929964','IT Command','zlecenie'),
('54052296709','Fruit Palace','zlecenie'),
('81102467509','Fruit Palace','zlecenie'),
('00321942367','Fruit Palace','o prace'),
('66041769337','Agency Nation','o prace'),
('54012297911','Marketing Destructor','o prace'),
('00322140341','Fruit Palace','o prace'),
('61060860830','Net Pixel','o prace'),
('70071096947','Fruit Palace','o prace'),
('45072538366','Fruit Palace','zlecenie'),
('89082172990','Fruit Palace','o prace'),
('60070749007','Matrix Activator','o prace'),
('05230441706','IT Command','o prace'),
('59011875271','Net Pixel','o prace'),
('86100295126','IT Command','zlecenie'),
('57112524274','Marketing Destructor','o prace'),
('66101233742','Fruit Palace','o prace'),
('04290939683','Fruit Palace','zlecenie'),
('84122350170','Fruit Palace','o prace'),
('60030725166','Agency Nation','zlecenie'),
('64101976756','Marketing Destructor','o prace'),
('87051993924','Matrix Activator','o prace'),
('90071156045','Agency Nation','o prace'),
('57092093102','Agency Nation','zlecenie'),
('59031067413','Marketing Destructor','o prace'),
('85072886875','Agency Nation','zlecenie'),
('96053156492','Fruit Palace','zlecenie'),
('75081520950','IT Command','o prace'),
('97112795878','IT Command','zlecenie'),
('94061064964','IT Command','zlecenie'),
('99082034015','Marketing Destructor','zlecenie'),
('83093057649','Net Pixel','o prace'),
('79061459859','Net Pixel','o prace'),
('95091136626','IT Command','o prace'),
('76011063783','Net Pixel','zlecenie'),
('84032053282','Net Pixel','o prace'),
('79052540500','Marketing Destructor','o prace'),
('68050781470','Fruit Palace','zlecenie'),
('71123166974','Agency Nation','zlecenie'),
('58092474579','Agency Nation','zlecenie'),
('40052121003','Net Pixel','zlecenie'),
('40031553531','Net Pixel','zlecenie')